[
	{
		"id": 1,
		"first_name": "Tanya",
		"last_name": "Nichols",
		"email": "tanya.nichols@test.com",
		"company_id": 2,
		"email_status": true,
		"active_status": false,
		"tokens": 23
	},
	{
		"id": 2,
		"first_name": "Brent",
		"last_name": "Rodriquez",
		"email": "brent.rodriquez@test.com",
		"company_id": 4,
		"email_status": false,
		"active_status": true,
		"tokens": 96
	},
	{
		"id": 3,
		"first_name": "Monica",
		"last_name": "Castro",
		"email": "monica.castro@notreal.com",
		"company_id": 3,
		"email_status": false,
		"active_status": true,
		"tokens": 69
	},
	{
		"id": 4,
		"first_name": "Bernard",
		"last_name": "Wells",
		"email": "bernard.wells@demo.com",
		"company_id": 4,
		"email_status": true,
		"active_status": false,
		"tokens": 74
	},
	{
		"id": 5,
		"first_name": "Natalie",
		"last_name": "Simpson",
		"email": "natalie.simpson@test.com",
		"company_id": 2,
		"email_status": true,
		"active_status": false,
		"tokens": 89
	},
	{
		"id": 6,
		"first_name": "Mary",
		"last_name": "George",
		"email": "mary.george@test.com",
		"company_id": 3,
		"email_status": true,
		"active_status": true,
		"tokens": 37
	},
	{
		"id": 7,
		"first_name": "Amanda",
		"last_name": "Pierce",
		"email": "amanda.pierce@fake.com",
		"company_id": 1,
		"email_status": true,
		"active_status": false,
		"tokens": 24
	},
	{
		"id": 8,
		"first_name": "Alexis",
		"last_name": "Robinson",
		"email": "alexis.robinson@test.com",
		"company_id": 3,
		"email_status": true,
		"active_status": false,
		"tokens": 45
	},
	{
		"id": 9,
		"first_name": "Terra",
		"last_name": "Beck",
		"email": "terra.beck@demo.com",
		"company_id": 1,
		"email_status": true,
		"active_status": false,
		"tokens": 41
	},
	{
		"id": 10,
		"first_name": "Ava",
		"last_name": "Obrien",
		"email": "ava.obrien@demo.com",
		"company_id": 4,
		"email_status": false,
		"active_status": false,
		"tokens": 93
	},
	{
		"id": 11,
		"first_name": "Alexander",
		"last_name": "Gardner",
		"email": "alexander.gardner@demo.com",
		"company_id": 4,
		"email_status": false,
		"active_status": true,
		"tokens": 40
	},
	{
		"id": 12,
		"first_name": "Sebastian",
		"last_name": "Weaver",
		"email": "sebastian.weaver@fake.com",
		"company_id": 2,
		"email_status": false,
		"active_status": true,
		"tokens": 66
	},
	{
		"id": 13,
		"first_name": "Noah",
		"last_name": "Knight",
		"email": "noah.knight@fake.com",
		"company_id": 4,
		"email_status": true,
		"active_status": true,
		"tokens": 23
	},
	{
		"id": 14,
		"first_name": "Adrian",
		"last_name": "Ward",
		"email": "adrian.ward@notreal.com",
		"company_id": 4,
		"email_status": false,
		"active_status": true,
		"tokens": 25
	},
	{
		"id": 15,
		"first_name": "Claire",
		"last_name": "Dean",
		"email": "claire.dean@test.com",
		"company_id": 3,
		"email_status": false,
		"active_status": true,
		"tokens": 98
	},
	{
		"id": 16,
		"first_name": "Sara",
		"last_name": "Gordon",
		"email": "sara.gordon@test.com",
		"company_id": 2,
		"email_status": false,
		"active_status": true,
		"tokens": 22
	},
	{
		"id": 17,
		"first_name": "Edgar",
		"last_name": "Simpson",
		"email": "edgar.simpson@notreal.com",
		"company_id": 2,
		"email_status": true,
		"active_status": true,
		"tokens": 67
	},
	{
		"id": 18,
		"first_name": "Brian",
		"last_name": "Jackson",
		"email": "brian.jackson@notreal.com",
		"company_id": 1,
		"email_status": false,
		"active_status": false,
		"tokens": 100
	},
	{
		"id": 19,
		"first_name": "Eileen",
		"last_name": "Lynch",
		"email": "eileen.lynch@fake.com",
		"company_id": 1,
		"email_status": true,
		"active_status": true,
		"tokens": 40
	},
	{
		"id": 20,
		"first_name": "Fernando",
		"last_name": "Fox",
		"email": "fernando.fox@fake.com",
		"company_id": 1,
		"email_status": true,
		"active_status": false,
		"tokens": 48
	},
	{
		"id": 21,
		"first_name": "Rodney",
		"last_name": "Barnes",
		"email": "rodney.barnes@test.com",
		"company_id": 5,
		"email_status": false,
		"active_status": false,
		"tokens": 43
	},
	{
		"id": 22,
		"first_name": "Nicholas",
		"last_name": "Berry",
		"email": "nicholas.berry@notreal.com",
		"company_id": 5,
		"email_status": false,
		"active_status": true,
		"tokens": 39
	},
	{
		"id": 23,
		"first_name": "Rodney",
		"last_name": "White",
		"email": "rodney.white@fake.com",
		"company_id": 4,
		"email_status": true,
		"active_status": false,
		"tokens": 53
	},
	{
		"id": 24,
		"first_name": "Kenzi",
		"last_name": "Fisher",
		"email": "kenzi.fisher@demo.com",
		"company_id": 4,
		"email_status": false,
		"active_status": false,
		"tokens": 51
	},
	{
		"id": 25,
		"first_name": "Rachel",
		"last_name": "Graves",
		"email": "rachel.graves@fake.com",
		"company_id": 5,
		"email_status": false,
		"active_status": true,
		"tokens": 26
	},
	{
		"id": 26,
		"first_name": "Elsie",
		"last_name": "Silva",
		"email": "elsie.silva@fake.com",
		"company_id": 3,
		"email_status": false,
		"active_status": true,
		"tokens": 49
	},
	{
		"id": 27,
		"first_name": "Joy",
		"last_name": "Woods",
		"email": "joy.woods@test.com",
		"company_id": 4,
		"email_status": false,
		"active_status": false,
		"tokens": 1
	},
	{
		"id": 28,
		"first_name": "Billy",
		"last_name": "Gomez",
		"email": "billy.gomez@notreal.com",
		"company_id": 1,
		"email_status": false,
		"active_status": false,
		"tokens": 39
	},
	{
		"id": 29,
		"first_name": "Yvonne",
		"last_name": "Perkins",
		"email": "yvonne.perkins@notreal.com",
		"company_id": 4,
		"email_status": false,
		"active_status": false,
		"tokens": 51
	},
	{
		"id": 30,
		"first_name": "Genesis",
		"last_name": "Carr",
		"email": "genesis.carr@demo.com",
		"company_id": 1,
		"email_status": true,
		"active_status": true,
		"tokens": 71
	},
	{
		"id": 31,
		"first_name": "Bob",
		"last_name": "Boberson",
		"email": "bob.boberson@test.com",
		"company_id": 2,
		"email_status": true,
		"active_status": true,
		"tokens": 23
	},
	{
		"id": 32,
		"first_name": "John",
		"last_name": "Boberson",
		"email": "john.boberson@test.com",
		"company_id": 2,
		"email_status": true,
		"active_status": true,
		"tokens": 15
	},
	{
		"id": 33,
		"first_name": "Jim",
		"last_name": "Jimerson",
		"email": "jim.jimerson@test.com",
		"company_id": 3,
		"email_status": true,
		"active_status": true,
		"tokens": 10
	},
	{
		"id": 33,
		"first_name": "Ned",
		"last_name": "Nederson",
		"email": "ned.nederson@test.com",
		"company_id": 3,
		"email_status": true,
		"active_status": true,
		"tokens": 3
	},
	{
		"id": 34,
		"first_name": "Paul",
		"last_name": "Berry",
		"email": "paul.berry@notreal.com",
		"company_id": 5,
		"email_status": true,
		"active_status": true,
		"tokens": 19
	}
]